{"1": 0, "2": 0.06444524954097026, "3": 0.06443814021564923, "4": 0.0644589807084845, "5": 0, "6": 0.06445492568228357, "7": 0, "8": 0, "9": 0, "10": 0}