{"1": 0.06484115228972513, "2": 0.06487229635146678, "3": 0.06474001778185273, "4": 0.06470425684956906, "5": 0.06466421605266451, "6": 0.06536817084602252, "7": 0.06497597584359156, "8": 0.06493495496351921, "9": 0.06487733357375458, "10": 0.06480359653158944}