{
    "Q1": 0.09307895095619509,
    "Q2": 0.09307895095619509,
    "Q3": 0.09307895095619509,
    "Q4": 0.09307895095619509,
    "Q5": 0.09307895095619509,
    "Q6": 0.09307895095619509,
    "Q7": 0.09307895095619509,
    "Q8": 0.09307895095619509,
    "Q9": 0.09307895095619509,
    "Q10": 0.09307895095619509
}