{"1": {"em": 0, "sbleu": 0}, "4": {"em": 0, "sbleu": 9.687778318466794e-15}, "6": {"em": 0, "sbleu": 0}, "7": {"em": 0, "sbleu": 3.1063527975033314e-91}, "8": {"em": 0, "sbleu": 0.38015380194668597}, "9": {"em": 0, "sbleu": 0.1394721495522781}, "10": {"em": 0, "sbleu": 0}, "13": {"em": 0, "sbleu": 0}, "14": {"em": 0, "sbleu": 0.10858833196963058}, "15": {"em": 0, "sbleu": 0}, "19": {"em": 1, "sbleu": 1.0312707676647543}, "20": {"em": 0, "sbleu": 0.18202493388565633}, "21": {"em": 0, "sbleu": 0.38015380194668597}, "22": {"em": 0, "sbleu": 0.1394721495522781}, "23": {"em": 0, "sbleu": 0}, "24": {"em": 0, "sbleu": 0}, "25": {"em": 0, "sbleu": 0.09355773166301332}, "26": {"em": 0, "sbleu": 0.0812086803295334}, "27": {"em": 0, "sbleu": 0.01064709354290061}, "29": {"em": 0, "sbleu": 0.007601665915744353}, "31": {"em": 0, "sbleu": 0.2584738904153713}, "32": {"em": 0, "sbleu": 0.2808693380905116}, "34": {"em": 1, "sbleu": 1.0333651718512953}, "37": {"em": 0, "sbleu": 0.25987342893429427}, "38": {"em": 0, "sbleu": 0.14154751160645063}, "39": {"em": 0, "sbleu": 0}, "40": {"em": 0, "sbleu": 0.5503637496421347}, "42": {"em": 0, "sbleu": 0.02693012024392097}, "43": {"em": 0, "sbleu": 0}, "44": {"em": 0, "sbleu": 0.1470254682439142}, "45": {"em": 0, "sbleu": 0.16413290958881635}, "49": {"em": 0, "sbleu": 0}, "50": {"em": 0, "sbleu": 0.209162952574368}, "51": {"em": 0, "sbleu": 0}, "52": {"em": 0, "sbleu": 0.17347644373463011}, "56": {"em": 0, "sbleu": 0}, "59": {"em": 0, "sbleu": 7.0371119062035765e-06}, "60": {"em": 0, "sbleu": 0.209162952574368}, "62": {"em": 0, "sbleu": 0}, "63": {"em": 0, "sbleu": 0.2927373134752523}, "64": {"em": 0, "sbleu": 0}, "66": {"em": 0, "sbleu": 0}, "68": {"em": 0, "sbleu": 0.209162952574368}, "71": {"em": 0, "sbleu": 0.12306788481952277}, "73": {"em": 0, "sbleu": 0.12114911497845275}, "78": {"em": 0, "sbleu": 0.10482090744790598}, "79": {"em": 0, "sbleu": 0}, "80": {"em": 0, "sbleu": 4.3854310826971345e-09}, "81": {"em": 1, "sbleu": 1.0}, "82": {"em": 0, "sbleu": 0.11133131628989178}, "83": {"em": 0, "sbleu": 0.09178035102782504}, "84": {"em": 0, "sbleu": 0.347437666874006}, "86": {"em": 0, "sbleu": 0.1394721495522781}, "87": {"em": 0, "sbleu": 0}, "88": {"em": 0, "sbleu": 0}, "92": {"em": 0, "sbleu": 0}, "94": {"em": 0, "sbleu": 0.13347533447436882}, "95": {"em": 0, "sbleu": 0}, "96": {"em": 0, "sbleu": 0}, "97": {"em": 0, "sbleu": 0.0790349619575192}, "98": {"em": 0, "sbleu": 0.005325255068005645}, "99": {"em": 1, "sbleu": 1.0312707676647543}, "101": {"em": 0, "sbleu": 0}, "102": {"em": 0, "sbleu": 0.11072511043876337}, "103": {"em": 0, "sbleu": 0}, "104": {"em": 0, "sbleu": 0}, "105": {"em": 0, "sbleu": 0.05288505743326209}, "107": {"em": 1, "sbleu": 1.0333651718512953}, "108": {"em": 0, "sbleu": 0.11072511043876337}, "110": {"em": 0, "sbleu": 0.0031357883687994303}, "111": {"em": 0, "sbleu": 0}, "113": {"em": 0, "sbleu": 0.06862641192344203}, "114": {"em": 0, "sbleu": 0}, "115": {"em": 0, "sbleu": 0}, "116": {"em": 0, "sbleu": 0}, "117": {"em": 0, "sbleu": 0}, "119": {"em": 0, "sbleu": 0.009244904165001752}, "120": {"em": 0, "sbleu": 0.209162952574368}, "122": {"em": 1, "sbleu": 1.0312707676647543}, "123": {"em": 0, "sbleu": 0}, "124": {"em": 0, "sbleu": 0.11072511043876337}, "125": {"em": 0, "sbleu": 0.12114911497845275}, "126": {"em": 1, "sbleu": 1.0}, "128": {"em": 1, "sbleu": 1.0333651718512953}, "129": {"em": 1, "sbleu": 1.0333651718512953}, "131": {"em": 0, "sbleu": 0.0569050443907432}, "132": {"em": 0, "sbleu": 0.10710811818149828}, "133": {"em": 0, "sbleu": 0.09658385003435457}, "134": {"em": 1, "sbleu": 1.0333651718512953}, "135": {"em": 0, "sbleu": 0.11072511043876337}, "136": {"em": 0, "sbleu": 0.1394721495522781}, "137": {"em": 0, "sbleu": 0.13869416722004455}, "138": {"em": 0, "sbleu": 0.0837682337148165}, "139": {"em": 0, "sbleu": 0}, "140": {"em": 0, "sbleu": 0}, "141": {"em": 0, "sbleu": 0.06768029608894749}, "143": {"em": 0, "sbleu": 0}, "144": {"em": 0, "sbleu": 0.15128303422667835}, "145": {"em": 0, "sbleu": 0.1381031511852193}, "148": {"em": 0, "sbleu": 0.12114911497845275}, "149": {"em": 1, "sbleu": 1.0333651718512953}, "150": {"em": 0, "sbleu": 0}, "151": {"em": 0, "sbleu": 0.07732113381388099}, "152": {"em": 0, "sbleu": 0.0952891967040874}, "154": {"em": 0, "sbleu": 0.08514382259487857}, "155": {"em": 0, "sbleu": 0.209162952574368}, "156": {"em": 0, "sbleu": 0.11133131628989178}, "157": {"em": 0, "sbleu": 0}, "158": {"em": 0, "sbleu": 0.09361211459436061}, "159": {"em": 0, "sbleu": 0.14919177542811476}, "160": {"em": 0, "sbleu": 0.259110438673231}, "162": {"em": 0, "sbleu": 0}, "163": {"em": 0, "sbleu": 0.1857599070823799}, "164": {"em": 0, "sbleu": 0.2122064183402831}, "165": {"em": 0, "sbleu": 0.133051885050407}, "166": {"em": 0, "sbleu": 0}, "167": {"em": 0, "sbleu": 0.4272008917009971}, "168": {"em": 0, "sbleu": 0.15901449788134775}, "169": {"em": 0, "sbleu": 0.04173066871609916}, "171": {"em": 0, "sbleu": 0.10449792084249938}, "173": {"em": 0, "sbleu": 0.10482090744790598}, "174": {"em": 1, "sbleu": 1.010629663399238}, "175": {"em": 0, "sbleu": 0.1146763992246961}, "176": {"em": 0, "sbleu": 0.1353352832366127}, "177": {"em": 0, "sbleu": 4.6589562718082346e-23}, "178": {"em": 0, "sbleu": 0}, "179": {"em": 0, "sbleu": 0.20188404320436518}, "181": {"em": 0, "sbleu": 0.1394721495522781}, "182": {"em": 0, "sbleu": 5.870975390513506e-101}, "183": {"em": 0, "sbleu": 0.1276928392992284}, "187": {"em": 0, "sbleu": 0.209162952574368}, "188": {"em": 0, "sbleu": 0}, "189": {"em": 0, "sbleu": 0.18202493388565633}, "190": {"em": 0, "sbleu": 0.08920683787833585}, "192": {"em": 0, "sbleu": 0.10482090744790598}, "194": {"em": 1, "sbleu": 1.0}, "196": {"em": 0, "sbleu": 0}, "197": {"em": 1, "sbleu": 1.0}, "198": {"em": 0, "sbleu": 2.8625185805493937e-20}, "199": {"em": 0, "sbleu": 3.287776625475235e-21}, "201": {"em": 0, "sbleu": 0}, "203": {"em": 0, "sbleu": 0}, "206": {"em": 1, "sbleu": 1.0333651718512953}, "207": {"em": 0, "sbleu": 0.009084463246066637}, "209": {"em": 0, "sbleu": 0}, "210": {"em": 0, "sbleu": 0}, "211": {"em": 0, "sbleu": 0.3567062849141743}, "212": {"em": 0, "sbleu": 0}, "213": {"em": 0, "sbleu": 0}, "214": {"em": 0, "sbleu": 0}}