{
    "Q1": 0.07047419472081001,
    "Q2": 0.08066857881195247,
    "Q3": 0.07429724161234649,
    "Q4": 0.07413626423713957,
    "Q5": 0.08183834145062728,
    "Q6": 0.07857649040872497,
    "Q7": 0.0773500749497194,
    "Q8": 0.08456128193079343,
    "Q9": 0.06494926273212334,
    "Q10": 0.08310240505345942
}