{
    "Q1": 0.08623880459532429,
    "Q2": 0.08066857881195247,
    "Q3": 0.07294284685687057,
    "Q4": 0.0830485574450331,
    "Q5": 0.0830485574450331,
    "Q6": 0.08434732619873035,
    "Q7": 0.08623880459532429,
    "Q8": 0.08434732619873035,
    "Q9": 0.0830485574450331,
    "Q10": 0.08066857881195247
}