{"1": 0.06520630283170671, "2": 0.06480626909271857, "3": 0.06485014872347655, "4": 0.06493402836238557, "5": 0.06562243123135468, "6": 0, "7": 0, "8": 0, "9": 0, "10": 0.06476336771696509}