{"1": 0.06445082887967041, "2": 0.06483779919437613, "3": 0.06420242835330452, "4": 0.06527277645242881, "5": 0.06419430748562734, "6": 0.06536662769790819, "7": 0.0642114711499338, "8": 0.06449769028699023, "9": 0.06445176007272574, "10": 0.06490262071904764}